<CFe>
	<infCFe versaoDadosEnt="0.07">
		<ide>
			<CNPJ>16716114000172</CNPJ>
			<signAC>SGR-SAT SISTEMA DE GESTAO E RETAGUARDA DO SAT</signAC>
			<numeroCaixa>005</numeroCaixa>
		</ide>
		<emit>
			<CNPJ>82373077000171</CNPJ>
			<IE>111111111111</IE>
			<indRatISSQN>S</indRatISSQN>
		</emit>
		<dest>
			<CPF>57845797464</CPF>
			<xNome>Stan Lee</xNome>
		</dest>
				<det nItem="1">
					<prod>
						<cProd>778</cProd>
						<xProd>AGUA C/ GAS</xProd>
						<NCM>22021000</NCM>
						<CFOP>5102</CFOP>
						<uCom>UN</uCom>
						<qCom>1.0000</qCom>
						<vUnCom>4.90</vUnCom>
						<indRegra>T</indRegra>
					</prod>
					<imposto>
						<ICMS>
							<ICMSSN102>
								<Orig>0</Orig>
								<CSOSN>500</CSOSN>
							</ICMSSN102>
						</ICMS>
						<PIS>
							<PISAliq>
								<CST>01</CST>
								<vBC>0.01</vBC>
								<pPIS>0.0000</pPIS>
							</PISAliq>
						</PIS>
						<COFINS>
							<COFINSAliq>
								<CST>01</CST>
								<vBC>0.01</vBC>
								<pCOFINS>0.0000</pCOFINS>
							</COFINSAliq>
						</COFINS>
					</imposto>
				</det>
				<det nItem="2">
					<prod>
						<cProd>771</cProd>
						<xProd>COCA COLA</xProd>
						<NCM>22021000</NCM>
						<CFOP>5102</CFOP>
						<uCom>UN</uCom>
						<qCom>1.0000</qCom>
						<vUnCom>5.70</vUnCom>
						<indRegra>T</indRegra>
					</prod>
					<imposto>
						<ICMS>
							<ICMSSN102>
								<Orig>0</Orig>
								<CSOSN>500</CSOSN>
							</ICMSSN102>
						</ICMS>
						<PIS>
							<PISAliq>
								<CST>01</CST>
								<vBC>0.00</vBC>
								<pPIS>0.0000</pPIS>
							</PISAliq>
						</PIS>
						<COFINS>
							<COFINSAliq>
								<CST>01</CST>
								<vBC>0.00</vBC>
								<pCOFINS>0.0000</pCOFINS>
							</COFINSAliq>
						</COFINS>
					</imposto>
				</det>
				<det nItem="3">
					<prod>
						<cProd>778</cProd>
						<xProd>AGUA C/ GAS</xProd>
						<NCM>22021000</NCM>
						<CFOP>5102</CFOP>
						<uCom>UN</uCom>
						<qCom>1.0000</qCom>
						<vUnCom>4.90</vUnCom>
						<indRegra>T</indRegra>
					</prod>
					<imposto>
						<ICMS>
							<ICMSSN102>
								<Orig>0</Orig>
								<CSOSN>500</CSOSN>
							</ICMSSN102>
						</ICMS>
						<PIS>
							<PISAliq>
								<CST>01</CST>
								<vBC>0.00</vBC>
								<pPIS>0.0000</pPIS>
							</PISAliq>
						</PIS>
						<COFINS>
							<COFINSAliq>
								<CST>01</CST>
								<vBC>0.00</vBC>
								<pCOFINS>0.0000</pCOFINS>
							</COFINSAliq>
						</COFINS>
					</imposto>
				</det>
				<det nItem="4">
					<prod>
						<cProd>796</cProd>
						<xProd>SUCO DE TANGERINA</xProd>
						<NCM>22021000</NCM>
						<CFOP>5102</CFOP>
						<uCom>UN</uCom>
						<qCom>1.0000</qCom>
						<vUnCom>9.50</vUnCom>
						<indRegra>T</indRegra>
					</prod>
					<imposto>
						<ICMS>
							<ICMSSN102>
								<Orig>0</Orig>
								<CSOSN>102</CSOSN>
							</ICMSSN102>
						</ICMS>
						<PIS>
							<PISAliq>
								<CST>01</CST>
								<vBC>0.00</vBC>
								<pPIS>0.0000</pPIS>
							</PISAliq>
						</PIS>
						<COFINS>
							<COFINSAliq>
								<CST>01</CST>
								<vBC>0.00</vBC>
								<pCOFINS>0.0000</pCOFINS>
							</COFINSAliq>
						</COFINS>
					</imposto>
				</det>
				<det nItem="5">
					<prod>
						<cProd>783</cProd>
						<xProd>ICE TEA LIMAO</xProd>
						<NCM>22021000</NCM>
						<CFOP>5102</CFOP>
						<uCom>UN</uCom>
						<qCom>1.0000</qCom>
						<vUnCom>7.20</vUnCom>
						<indRegra>T</indRegra>
					</prod>
					<imposto>
						<ICMS>
							<ICMSSN102>
								<Orig>0</Orig>
								<CSOSN>500</CSOSN>
							</ICMSSN102>
						</ICMS>
						<PIS>
							<PISAliq>
								<CST>01</CST>
								<vBC>0.00</vBC>
								<pPIS>0.0000</pPIS>
							</PISAliq>
						</PIS>
						<COFINS>
							<COFINSAliq>
								<CST>01</CST>
								<vBC>0.00</vBC>
								<pCOFINS>0.0000</pCOFINS>
							</COFINSAliq>
						</COFINS>
					</imposto>
				</det>
				<det nItem="6">
					<prod>
						<cProd>2010</cProd>
						<xProd>BUFFET DE SALADAS</xProd>
						<NCM>21069090</NCM>
						<CFOP>5102</CFOP>
						<uCom>UN</uCom>
						<qCom>6.0000</qCom>
						<vUnCom>48.90</vUnCom>
						<indRegra>T</indRegra>
					</prod>
					<imposto>
						<ICMS>
							<ICMSSN102>
								<Orig>0</Orig>
								<CSOSN>102</CSOSN>
							</ICMSSN102>
						</ICMS>
						<PIS>
							<PISAliq>
								<CST>01</CST>
								<vBC>0.00</vBC>
								<pPIS>0.0000</pPIS>
							</PISAliq>
						</PIS>
						<COFINS>
							<COFINSAliq>
								<CST>01</CST>
								<vBC>0.00</vBC>
								<pCOFINS>0.0000</pCOFINS>
							</COFINSAliq>
						</COFINS>
					</imposto>
				</det>
				<det nItem="7">
					<prod>
						<cProd>771</cProd>
						<xProd>COCA COLA</xProd>
						<NCM>22021000</NCM>
						<CFOP>5102</CFOP>
						<uCom>UN</uCom>
						<qCom>1.0000</qCom>
						<vUnCom>5.70</vUnCom>
						<indRegra>T</indRegra>
					</prod>
					<imposto>
						<ICMS>
							<ICMSSN102>
								<Orig>0</Orig>
								<CSOSN>500</CSOSN>
							</ICMSSN102>
						</ICMS>
						<PIS>
							<PISAliq>
								<CST>01</CST>
								<vBC>0.00</vBC>
								<pPIS>0.0000</pPIS>
							</PISAliq>
						</PIS>
						<COFINS>
							<COFINSAliq>
								<CST>01</CST>
								<vBC>0.00</vBC>
								<pCOFINS>0.0000</pCOFINS>
							</COFINSAliq>
						</COFINS>
					</imposto>
				</det>
				<det nItem="8">
					<prod>
						<cProd>796</cProd>
						<xProd>SUCO DE TANGERINA</xProd>
						<NCM>22021000</NCM>
						<CFOP>5102</CFOP>
						<uCom>UN</uCom>
						<qCom>1.0000</qCom>
						<vUnCom>9.50</vUnCom>
						<indRegra>T</indRegra>
					</prod>
					<imposto>
						<ICMS>
							<ICMSSN102>
								<Orig>0</Orig>
								<CSOSN>102</CSOSN>
							</ICMSSN102>
						</ICMS>
						<PIS>
							<PISAliq>
								<CST>01</CST>
								<vBC>0.00</vBC>
								<pPIS>0.0000</pPIS>
							</PISAliq>
						</PIS>
						<COFINS>
							<COFINSAliq>
								<CST>01</CST>
								<vBC>0.00</vBC>
								<pCOFINS>0.0000</pCOFINS>
							</COFINSAliq>
						</COFINS>
					</imposto>
				</det>
				<det nItem="9">
					<prod>
						<cProd>771</cProd>
						<xProd>COCA COLA</xProd>
						<NCM>22021000</NCM>
						<CFOP>5102</CFOP>
						<uCom>UN</uCom>
						<qCom>1.0000</qCom>
						<vUnCom>5.70</vUnCom>
						<indRegra>T</indRegra>
					</prod>
					<imposto>
						<ICMS>
							<ICMSSN102>
								<Orig>0</Orig>
								<CSOSN>500</CSOSN>
							</ICMSSN102>
						</ICMS>
						<PIS>
							<PISAliq>
								<CST>01</CST>
								<vBC>0.00</vBC>
								<pPIS>0.0000</pPIS>
							</PISAliq>
						</PIS>
						<COFINS>
							<COFINSAliq>
								<CST>01</CST>
								<vBC>0.00</vBC>
								<pCOFINS>0.0000</pCOFINS>
							</COFINSAliq>
						</COFINS>
					</imposto>
				</det>
				<det nItem="10">
					<prod>
						<cProd>751</cProd>
						<xProd>CAFFE ESPRESSO</xProd>
						<NCM>90121000</NCM>
						<CFOP>5102</CFOP>
						<uCom>UN</uCom>
						<qCom>4.0000</qCom>
						<vUnCom>5.90</vUnCom>
						<indRegra>T</indRegra>
					</prod>
					<imposto>
						<ICMS>
							<ICMSSN102>
								<Orig>0</Orig>
								<CSOSN>500</CSOSN>
							</ICMSSN102>
						</ICMS>
						<PIS>
							<PISAliq>
								<CST>01</CST>
								<vBC>0.00</vBC>
								<pPIS>0.0000</pPIS>
							</PISAliq>
						</PIS>
						<COFINS>
							<COFINSAliq>
								<CST>01</CST>
								<vBC>0.00</vBC>
								<pCOFINS>0.0000</pCOFINS>
							</COFINSAliq>
						</COFINS>
					</imposto>
				</det>
				<det nItem="11">
					<prod>
						<cProd>775</cProd>
						<xProd>GUARANA ZERO</xProd>
						<NCM>22021000</NCM>
						<CFOP>5102</CFOP>
						<uCom>UN</uCom>
						<qCom>1.0000</qCom>
						<vUnCom>5.70</vUnCom>
						<indRegra>T</indRegra>
					</prod>
					<imposto>
						<ICMS>
							<ICMSSN102>
								<Orig>0</Orig>
								<CSOSN>500</CSOSN>
							</ICMSSN102>
						</ICMS>
						<PIS>
							<PISAliq>
								<CST>01</CST>
								<vBC>0.00</vBC>
								<pPIS>0.0000</pPIS>
							</PISAliq>
						</PIS>
						<COFINS>
							<COFINSAliq>
								<CST>01</CST>
								<vBC>0.00</vBC>
								<pCOFINS>0.0000</pCOFINS>
							</COFINSAliq>
						</COFINS>
					</imposto>
				</det>
				<det nItem="12">
					<prod>
						<cProd>2779</cProd>
						<xProd>LIMONADA SUICA</xProd>
						<NCM>22021000</NCM>
						<CFOP>5102</CFOP>
						<uCom>UN</uCom>
						<qCom>2.0000</qCom>
						<vUnCom>8.00</vUnCom>
						<indRegra>T</indRegra>
					</prod>
					<imposto>
						<ICMS>
							<ICMSSN102>
								<Orig>0</Orig>
								<CSOSN>102</CSOSN>
							</ICMSSN102>
						</ICMS>
						<PIS>
							<PISAliq>
								<CST>01</CST>
								<vBC>0.00</vBC>
								<pPIS>0.0000</pPIS>
							</PISAliq>
						</PIS>
						<COFINS>
							<COFINSAliq>
								<CST>01</CST>
								<vBC>0.00</vBC>
								<pCOFINS>0.0000</pCOFINS>
							</COFINSAliq>
						</COFINS>
					</imposto>
				</det>
				<det nItem="13">
					<prod>
						<cProd>1779</cProd>
						<xProd>LIMONADA</xProd>
						<NCM>22021000</NCM>
						<CFOP>5102</CFOP>
						<uCom>UN</uCom>
						<qCom>1.0000</qCom>
						<vUnCom>8.00</vUnCom>
						<indRegra>T</indRegra>
					</prod>
					<imposto>
						<ICMS>
							<ICMSSN102>
								<Orig>0</Orig>
								<CSOSN>102</CSOSN>
							</ICMSSN102>
						</ICMS>
						<PIS>
							<PISAliq>
								<CST>01</CST>
								<vBC>0.00</vBC>
								<pPIS>0.0000</pPIS>
							</PISAliq>
						</PIS>
						<COFINS>
							<COFINSAliq>
								<CST>01</CST>
								<vBC>0.00</vBC>
								<pCOFINS>0.0000</pCOFINS>
							</COFINSAliq>
						</COFINS>
					</imposto>
				</det>
				<det nItem="14">
					<prod>
						<cProd>2624</cProd>
						<xProd>BUFFET + SALMAO</xProd>
						<NCM>21069090</NCM>
						<CFOP>5102</CFOP>
						<uCom>UN</uCom>
						<qCom>2.0000</qCom>
						<vUnCom>62.90</vUnCom>
						<indRegra>T</indRegra>
					</prod>
					<imposto>
						<ICMS>
							<ICMSSN102>
								<Orig>0</Orig>
								<CSOSN>102</CSOSN>
							</ICMSSN102>
						</ICMS>
						<PIS>
							<PISAliq>
								<CST>01</CST>
								<vBC>0.00</vBC>
								<pPIS>0.0000</pPIS>
							</PISAliq>
						</PIS>
						<COFINS>
							<COFINSAliq>
								<CST>01</CST>
								<vBC>0.00</vBC>
								<pCOFINS>0.0000</pCOFINS>
							</COFINSAliq>
						</COFINS>
					</imposto>
				</det>
				<det nItem="15">
					<prod>
						<cProd>2010</cProd>
						<xProd>BUFFET DE SALADAS</xProd>
						<NCM>21069090</NCM>
						<CFOP>5102</CFOP>
						<uCom>UN</uCom>
						<qCom>2.0000</qCom>
						<vUnCom>48.90</vUnCom>
						<indRegra>T</indRegra>
					</prod>
					<imposto>
						<ICMS>
							<ICMSSN102>
								<Orig>0</Orig>
								<CSOSN>102</CSOSN>
							</ICMSSN102>
						</ICMS>
						<PIS>
							<PISAliq>
								<CST>01</CST>
								<vBC>0.00</vBC>
								<pPIS>0.0000</pPIS>
							</PISAliq>
						</PIS>
						<COFINS>
							<COFINSAliq>
								<CST>01</CST>
								<vBC>0.00</vBC>
								<pCOFINS>0.0000</pCOFINS>
							</COFINSAliq>
						</COFINS>
					</imposto>
				</det>
				<det nItem="16">
					<prod>
						<cProd>778</cProd>
						<xProd>AGUA C/ GAS</xProd>
						<NCM>22021000</NCM>
						<CFOP>5102</CFOP>
						<uCom>UN</uCom>
						<qCom>1.0000</qCom>
						<vUnCom>4.90</vUnCom>
						<indRegra>T</indRegra>
					</prod>
					<imposto>
						<ICMS>
							<ICMSSN102>
								<Orig>0</Orig>
								<CSOSN>500</CSOSN>
							</ICMSSN102>
						</ICMS>
						<PIS>
							<PISAliq>
								<CST>01</CST>
								<vBC>0.00</vBC>
								<pPIS>0.0000</pPIS>
							</PISAliq>
						</PIS>
						<COFINS>
							<COFINSAliq>
								<CST>01</CST>
								<vBC>0.00</vBC>
								<pCOFINS>0.0000</pCOFINS>
							</COFINSAliq>
						</COFINS>
					</imposto>
				</det>
				<det nItem="17">
					<prod>
						<cProd>751</cProd>
						<xProd>CAFFE ESPRESSO</xProd>
						<NCM>90121000</NCM>
						<CFOP>5102</CFOP>
						<uCom>UN</uCom>
						<qCom>1.0000</qCom>
						<vUnCom>5.90</vUnCom>
						<indRegra>T</indRegra>
					</prod>
					<imposto>
						<ICMS>
							<ICMSSN102>
								<Orig>0</Orig>
								<CSOSN>500</CSOSN>
							</ICMSSN102>
						</ICMS>
						<PIS>
							<PISAliq>
								<CST>01</CST>
								<vBC>0.00</vBC>
								<pPIS>0.0000</pPIS>
							</PISAliq>
						</PIS>
						<COFINS>
							<COFINSAliq>
								<CST>01</CST>
								<vBC>0.00</vBC>
								<pCOFINS>0.0000</pCOFINS>
							</COFINSAliq>
						</COFINS>
					</imposto>
				</det>
				<det nItem="18">
					<prod>
						<cProd>751</cProd>
						<xProd>CAFFE ESPRESSO</xProd>
						<NCM>90121000</NCM>
						<CFOP>5102</CFOP>
						<uCom>UN</uCom>
						<qCom>1.0000</qCom>
						<vUnCom>5.90</vUnCom>
						<indRegra>T</indRegra>
					</prod>
					<imposto>
						<ICMS>
							<ICMSSN102>
								<Orig>0</Orig>
								<CSOSN>500</CSOSN>
							</ICMSSN102>
						</ICMS>
						<PIS>
							<PISAliq>
								<CST>01</CST>
								<vBC>0.00</vBC>
								<pPIS>0.0000</pPIS>
							</PISAliq>
						</PIS>
						<COFINS>
							<COFINSAliq>
								<CST>01</CST>
								<vBC>0.00</vBC>
								<pCOFINS>0.0000</pCOFINS>
							</COFINSAliq>
						</COFINS>
					</imposto>
				</det>
				<det nItem="19">
					<prod>
						<cProd>751</cProd>
						<xProd>CAFFE ESPRESSO</xProd>
						<NCM>90121000</NCM>
						<CFOP>5102</CFOP>
						<uCom>UN</uCom>
						<qCom>1.0000</qCom>
						<vUnCom>5.90</vUnCom>
						<indRegra>T</indRegra>
					</prod>
					<imposto>
						<ICMS>
							<ICMSSN102>
								<Orig>0</Orig>
								<CSOSN>500</CSOSN>
							</ICMSSN102>
						</ICMS>
						<PIS>
							<PISAliq>
								<CST>01</CST>
								<vBC>0.00</vBC>
								<pPIS>0.0000</pPIS>
							</PISAliq>
						</PIS>
						<COFINS>
							<COFINSAliq>
								<CST>01</CST>
								<vBC>0.00</vBC>
								<pCOFINS>0.0000</pCOFINS>
							</COFINSAliq>
						</COFINS>
					</imposto>
				</det>
				<det nItem="20">
					<prod>
						<cProd>751</cProd>
						<xProd>CAFFE ESPRESSO</xProd>
						<NCM>90121000</NCM>
						<CFOP>5102</CFOP>
						<uCom>UN</uCom>
						<qCom>1.0000</qCom>
						<vUnCom>5.90</vUnCom>
						<indRegra>T</indRegra>
					</prod>
					<imposto>
						<ICMS>
							<ICMSSN102>
								<Orig>0</Orig>
								<CSOSN>500</CSOSN>
							</ICMSSN102>
						</ICMS>
						<PIS>
							<PISAliq>
								<CST>01</CST>
								<vBC>0.00</vBC>
								<pPIS>0.0000</pPIS>
							</PISAliq>
						</PIS>
						<COFINS>
							<COFINSAliq>
								<CST>01</CST>
								<vBC>0.00</vBC>
								<pCOFINS>0.0000</pCOFINS>
							</COFINSAliq>
						</COFINS>
					</imposto>
				</det>
				<det nItem="21">
					<prod>
						<cProd>777</cProd>
						<xProd>AGUA S/ GAS</xProd>
						<NCM>22021000</NCM>
						<CFOP>5102</CFOP>
						<uCom>UN</uCom>
						<qCom>1.0000</qCom>
						<vUnCom>4.90</vUnCom>
						<indRegra>T</indRegra>
					</prod>
					<imposto>
						<ICMS>
							<ICMSSN102>
								<Orig>0</Orig>
								<CSOSN>500</CSOSN>
							</ICMSSN102>
						</ICMS>
						<PIS>
							<PISAliq>
								<CST>01</CST>
								<vBC>0.00</vBC>
								<pPIS>0.0000</pPIS>
							</PISAliq>
						</PIS>
						<COFINS>
							<COFINSAliq>
								<CST>01</CST>
								<vBC>0.00</vBC>
								<pCOFINS>0.0000</pCOFINS>
							</COFINSAliq>
						</COFINS>
					</imposto>
				</det>
				<det nItem="22">
					<prod>
						<cProd>2010</cProd>
						<xProd>BUFFET DE SALADAS</xProd>
						<NCM>21069090</NCM>
						<CFOP>5102</CFOP>
						<uCom>UN</uCom>
						<qCom>1.0000</qCom>
						<vUnCom>48.90</vUnCom>
						<indRegra>T</indRegra>
					</prod>
					<imposto>
						<ICMS>
							<ICMSSN102>
								<Orig>0</Orig>
								<CSOSN>102</CSOSN>
							</ICMSSN102>
						</ICMS>
						<PIS>
							<PISAliq>
								<CST>01</CST>
								<vBC>0.00</vBC>
								<pPIS>0.0000</pPIS>
							</PISAliq>
						</PIS>
						<COFINS>
							<COFINSAliq>
								<CST>01</CST>
								<vBC>0.00</vBC>
								<pCOFINS>0.0000</pCOFINS>
							</COFINSAliq>
						</COFINS>
					</imposto>
				</det>
				<det nItem="23">
					<prod>
						<cProd>778</cProd>
						<xProd>AGUA C/ GAS</xProd>
						<NCM>22021000</NCM>
						<CFOP>5102</CFOP>
						<uCom>UN</uCom>
						<qCom>1.0000</qCom>
						<vUnCom>4.90</vUnCom>
						<indRegra>T</indRegra>
					</prod>
					<imposto>
						<ICMS>
							<ICMSSN102>
								<Orig>0</Orig>
								<CSOSN>500</CSOSN>
							</ICMSSN102>
						</ICMS>
						<PIS>
							<PISAliq>
								<CST>01</CST>
								<vBC>0.00</vBC>
								<pPIS>0.0000</pPIS>
							</PISAliq>
						</PIS>
						<COFINS>
							<COFINSAliq>
								<CST>01</CST>
								<vBC>0.00</vBC>
								<pCOFINS>0.0000</pCOFINS>
							</COFINSAliq>
						</COFINS>
					</imposto>
				</det>
				<det nItem="24">
					<prod>
						<cProd>778</cProd>
						<xProd>AGUA C/ GAS</xProd>
						<NCM>22021000</NCM>
						<CFOP>5102</CFOP>
						<uCom>UN</uCom>
						<qCom>1.0000</qCom>
						<vUnCom>4.90</vUnCom>
						<indRegra>T</indRegra>
					</prod>
					<imposto>
						<ICMS>
							<ICMSSN102>
								<Orig>0</Orig>
								<CSOSN>500</CSOSN>
							</ICMSSN102>
						</ICMS>
						<PIS>
							<PISAliq>
								<CST>01</CST>
								<vBC>0.00</vBC>
								<pPIS>0.0000</pPIS>
							</PISAliq>
						</PIS>
						<COFINS>
							<COFINSAliq>
								<CST>01</CST>
								<vBC>0.00</vBC>
								<pCOFINS>0.0000</pCOFINS>
							</COFINSAliq>
						</COFINS>
					</imposto>
				</det>
				<det nItem="25">
					<prod>
						<cProd>796</cProd>
						<xProd>SUCO DE TANGERINA</xProd>
						<NCM>22021000</NCM>
						<CFOP>5102</CFOP>
						<uCom>UN</uCom>
						<qCom>1.0000</qCom>
						<vUnCom>9.50</vUnCom>
						<indRegra>T</indRegra>
					</prod>
					<imposto>
						<ICMS>
							<ICMSSN102>
								<Orig>0</Orig>
								<CSOSN>102</CSOSN>
							</ICMSSN102>
						</ICMS>
						<PIS>
							<PISAliq>
								<CST>01</CST>
								<vBC>0.00</vBC>
								<pPIS>0.0000</pPIS>
							</PISAliq>
						</PIS>
						<COFINS>
							<COFINSAliq>
								<CST>01</CST>
								<vBC>0.00</vBC>
								<pCOFINS>0.0000</pCOFINS>
							</COFINSAliq>
						</COFINS>
					</imposto>
				</det>
				<det nItem="26">
					<prod>
						<cProd>777</cProd>
						<xProd>AGUA S/ GAS</xProd>
						<NCM>22021000</NCM>
						<CFOP>5102</CFOP>
						<uCom>UN</uCom>
						<qCom>1.0000</qCom>
						<vUnCom>4.90</vUnCom>
						<indRegra>T</indRegra>
					</prod>
					<imposto>
						<ICMS>
							<ICMSSN102>
								<Orig>0</Orig>
								<CSOSN>500</CSOSN>
							</ICMSSN102>
						</ICMS>
						<PIS>
							<PISAliq>
								<CST>01</CST>
								<vBC>0.00</vBC>
								<pPIS>0.0000</pPIS>
							</PISAliq>
						</PIS>
						<COFINS>
							<COFINSAliq>
								<CST>01</CST>
								<vBC>0.00</vBC>
								<pCOFINS>0.0000</pCOFINS>
							</COFINSAliq>
						</COFINS>
					</imposto>
				</det>
				<det nItem="27">
					<prod>
						<cProd>778</cProd>
						<xProd>AGUA C/ GAS</xProd>
						<NCM>22021000</NCM>
						<CFOP>5102</CFOP>
						<uCom>UN</uCom>
						<qCom>1.0000</qCom>
						<vUnCom>4.90</vUnCom>
						<indRegra>T</indRegra>
					</prod>
					<imposto>
						<ICMS>
							<ICMSSN102>
								<Orig>0</Orig>
								<CSOSN>500</CSOSN>
							</ICMSSN102>
						</ICMS>
						<PIS>
							<PISAliq>
								<CST>01</CST>
								<vBC>0.00</vBC>
								<pPIS>0.0000</pPIS>
							</PISAliq>
						</PIS>
						<COFINS>
							<COFINSAliq>
								<CST>01</CST>
								<vBC>0.00</vBC>
								<pCOFINS>0.0000</pCOFINS>
							</COFINSAliq>
						</COFINS>
					</imposto>
				</det>
				<det nItem="28">
					<prod>
						<cProd>773</cProd>
						<xProd>TONICA SCHWEPES</xProd>
						<NCM>22021000</NCM>
						<CFOP>5102</CFOP>
						<uCom>UN</uCom>
						<qCom>1.0000</qCom>
						<vUnCom>5.70</vUnCom>
						<indRegra>T</indRegra>
					</prod>
					<imposto>
						<ICMS>
							<ICMSSN102>
								<Orig>0</Orig>
								<CSOSN>500</CSOSN>
							</ICMSSN102>
						</ICMS>
						<PIS>
							<PISAliq>
								<CST>01</CST>
								<vBC>0.00</vBC>
								<pPIS>0.0000</pPIS>
							</PISAliq>
						</PIS>
						<COFINS>
							<COFINSAliq>
								<CST>01</CST>
								<vBC>0.00</vBC>
								<pCOFINS>0.0000</pCOFINS>
							</COFINSAliq>
						</COFINS>
					</imposto>
				</det>
				<det nItem="29">
					<prod>
						<cProd>751</cProd>
						<xProd>CAFFE ESPRESSO</xProd>
						<NCM>90121000</NCM>
						<CFOP>5102</CFOP>
						<uCom>UN</uCom>
						<qCom>4.0000</qCom>
						<vUnCom>5.90</vUnCom>
						<indRegra>T</indRegra>
					</prod>
					<imposto>
						<ICMS>
							<ICMSSN102>
								<Orig>0</Orig>
								<CSOSN>500</CSOSN>
							</ICMSSN102>
						</ICMS>
						<PIS>
							<PISAliq>
								<CST>01</CST>
								<vBC>0.00</vBC>
								<pPIS>0.0000</pPIS>
							</PISAliq>
						</PIS>
						<COFINS>
							<COFINSAliq>
								<CST>01</CST>
								<vBC>0.00</vBC>
								<pCOFINS>0.0000</pCOFINS>
							</COFINSAliq>
						</COFINS>
					</imposto>
				</det>
				<det nItem="30">
					<prod>
						<cProd>2010</cProd>
						<xProd>BUFFET DE SALADAS</xProd>
						<NCM>21069090</NCM>
						<CFOP>5102</CFOP>
						<uCom>UN</uCom>
						<qCom>6.0000</qCom>
						<vUnCom>48.90</vUnCom>
						<indRegra>T</indRegra>
					</prod>
					<imposto>
						<ICMS>
							<ICMSSN102>
								<Orig>0</Orig>
								<CSOSN>102</CSOSN>
							</ICMSSN102>
						</ICMS>
						<PIS>
							<PISAliq>
								<CST>01</CST>
								<vBC>0.00</vBC>
								<pPIS>0.0000</pPIS>
							</PISAliq>
						</PIS>
						<COFINS>
							<COFINSAliq>
								<CST>01</CST>
								<vBC>0.00</vBC>
								<pCOFINS>0.0000</pCOFINS>
							</COFINSAliq>
						</COFINS>
					</imposto>
				</det>
				<det nItem="31">
					<prod>
						<cProd>796</cProd>
						<xProd>SUCO DE TANGERINA</xProd>
						<NCM>22021000</NCM>
						<CFOP>5102</CFOP>
						<uCom>UN</uCom>
						<qCom>1.0000</qCom>
						<vUnCom>9.50</vUnCom>
						<indRegra>T</indRegra>
					</prod>
					<imposto>
						<ICMS>
							<ICMSSN102>
								<Orig>0</Orig>
								<CSOSN>102</CSOSN>
							</ICMSSN102>
						</ICMS>
						<PIS>
							<PISAliq>
								<CST>01</CST>
								<vBC>0.00</vBC>
								<pPIS>0.0000</pPIS>
							</PISAliq>
						</PIS>
						<COFINS>
							<COFINSAliq>
								<CST>01</CST>
								<vBC>0.00</vBC>
								<pCOFINS>0.0000</pCOFINS>
							</COFINSAliq>
						</COFINS>
					</imposto>
				</det>
				<det nItem="32">
					<prod>
						<cProd>2010</cProd>
						<xProd>BUFFET DE SALADAS</xProd>
						<NCM>21069090</NCM>
						<CFOP>5102</CFOP>
						<uCom>UN</uCom>
						<qCom>1.0000</qCom>
						<vUnCom>48.90</vUnCom>
						<indRegra>T</indRegra>
					</prod>
					<imposto>
						<ICMS>
							<ICMSSN102>
								<Orig>0</Orig>
								<CSOSN>102</CSOSN>
							</ICMSSN102>
						</ICMS>
						<PIS>
							<PISAliq>
								<CST>01</CST>
								<vBC>0.00</vBC>
								<pPIS>0.0000</pPIS>
							</PISAliq>
						</PIS>
						<COFINS>
							<COFINSAliq>
								<CST>01</CST>
								<vBC>0.00</vBC>
								<pCOFINS>0.0000</pCOFINS>
							</COFINSAliq>
						</COFINS>
					</imposto>
				</det>
				<det nItem="33">
					<prod>
						<cProd>2010</cProd>
						<xProd>BUFFET DE SALADAS</xProd>
						<NCM>21069090</NCM>
						<CFOP>5102</CFOP>
						<uCom>UN</uCom>
						<qCom>1.0000</qCom>
						<vUnCom>48.90</vUnCom>
						<indRegra>T</indRegra>
					</prod>
					<imposto>
						<ICMS>
							<ICMSSN102>
								<Orig>0</Orig>
								<CSOSN>102</CSOSN>
							</ICMSSN102>
						</ICMS>
						<PIS>
							<PISAliq>
								<CST>01</CST>
								<vBC>0.00</vBC>
								<pPIS>0.0000</pPIS>
							</PISAliq>
						</PIS>
						<COFINS>
							<COFINSAliq>
								<CST>01</CST>
								<vBC>0.00</vBC>
								<pCOFINS>0.0000</pCOFINS>
							</COFINSAliq>
						</COFINS>
					</imposto>
				</det>
				<det nItem="34">
					<prod>
						<cProd>770</cProd>
						<xProd>COCA COLA ZERO</xProd>
						<NCM>22021000</NCM>
						<CFOP>5102</CFOP>
						<uCom>UN</uCom>
						<qCom>1.0000</qCom>
						<vUnCom>5.70</vUnCom>
						<indRegra>T</indRegra>
					</prod>
					<imposto>
						<ICMS>
							<ICMSSN102>
								<Orig>0</Orig>
								<CSOSN>500</CSOSN>
							</ICMSSN102>
						</ICMS>
						<PIS>
							<PISAliq>
								<CST>01</CST>
								<vBC>0.00</vBC>
								<pPIS>0.0000</pPIS>
							</PISAliq>
						</PIS>
						<COFINS>
							<COFINSAliq>
								<CST>01</CST>
								<vBC>0.00</vBC>
								<pCOFINS>0.0000</pCOFINS>
							</COFINSAliq>
						</COFINS>
					</imposto>
				</det>
				<det nItem="35">
					<prod>
						<cProd>2010</cProd>
						<xProd>BUFFET DE SALADAS</xProd>
						<NCM>21069090</NCM>
						<CFOP>5102</CFOP>
						<uCom>UN</uCom>
						<qCom>1.0000</qCom>
						<vUnCom>48.90</vUnCom>
						<indRegra>T</indRegra>
					</prod>
					<imposto>
						<ICMS>
							<ICMSSN102>
								<Orig>0</Orig>
								<CSOSN>102</CSOSN>
							</ICMSSN102>
						</ICMS>
						<PIS>
							<PISAliq>
								<CST>01</CST>
								<vBC>0.00</vBC>
								<pPIS>0.0000</pPIS>
							</PISAliq>
						</PIS>
						<COFINS>
							<COFINSAliq>
								<CST>01</CST>
								<vBC>0.00</vBC>
								<pCOFINS>0.0000</pCOFINS>
							</COFINSAliq>
						</COFINS>
					</imposto>
				</det>
				<det nItem="36">
					<prod>
						<cProd>2010</cProd>
						<xProd>BUFFET DE SALADAS</xProd>
						<NCM>21069090</NCM>
						<CFOP>5102</CFOP>
						<uCom>UN</uCom>
						<qCom>1.0000</qCom>
						<vUnCom>48.90</vUnCom>
						<indRegra>T</indRegra>
					</prod>
					<imposto>
						<ICMS>
							<ICMSSN102>
								<Orig>0</Orig>
								<CSOSN>102</CSOSN>
							</ICMSSN102>
						</ICMS>
						<PIS>
							<PISAliq>
								<CST>01</CST>
								<vBC>0.00</vBC>
								<pPIS>0.0000</pPIS>
							</PISAliq>
						</PIS>
						<COFINS>
							<COFINSAliq>
								<CST>01</CST>
								<vBC>0.00</vBC>
								<pCOFINS>0.0000</pCOFINS>
							</COFINSAliq>
						</COFINS>
					</imposto>
				</det>
				<det nItem="37">
					<prod>
						<cProd>751</cProd>
						<xProd>CAFFE ESPRESSO</xProd>
						<NCM>90121000</NCM>
						<CFOP>5102</CFOP>
						<uCom>UN</uCom>
						<qCom>2.0000</qCom>
						<vUnCom>5.90</vUnCom>
						<indRegra>T</indRegra>
					</prod>
					<imposto>
						<ICMS>
							<ICMSSN102>
								<Orig>0</Orig>
								<CSOSN>500</CSOSN>
							</ICMSSN102>
						</ICMS>
						<PIS>
							<PISAliq>
								<CST>01</CST>
								<vBC>0.00</vBC>
								<pPIS>0.0000</pPIS>
							</PISAliq>
						</PIS>
						<COFINS>
							<COFINSAliq>
								<CST>01</CST>
								<vBC>0.00</vBC>
								<pCOFINS>0.0000</pCOFINS>
							</COFINSAliq>
						</COFINS>
					</imposto>
				</det>
				<det nItem="38">
					<prod>
						<cProd>774</cProd>
						<xProd>GUARANA</xProd>
						<NCM>22021000</NCM>
						<CFOP>5102</CFOP>
						<uCom>UN</uCom>
						<qCom>1.0000</qCom>
						<vUnCom>5.70</vUnCom>
						<indRegra>T</indRegra>
					</prod>
					<imposto>
						<ICMS>
							<ICMSSN102>
								<Orig>0</Orig>
								<CSOSN>500</CSOSN>
							</ICMSSN102>
						</ICMS>
						<PIS>
							<PISAliq>
								<CST>01</CST>
								<vBC>0.00</vBC>
								<pPIS>0.0000</pPIS>
							</PISAliq>
						</PIS>
						<COFINS>
							<COFINSAliq>
								<CST>01</CST>
								<vBC>0.00</vBC>
								<pCOFINS>0.0000</pCOFINS>
							</COFINSAliq>
						</COFINS>
					</imposto>
				</det>
				<det nItem="39">
					<prod>
						<cProd>774</cProd>
						<xProd>GUARANA</xProd>
						<NCM>22021000</NCM>
						<CFOP>5102</CFOP>
						<uCom>UN</uCom>
						<qCom>1.0000</qCom>
						<vUnCom>5.70</vUnCom>
						<indRegra>T</indRegra>
					</prod>
					<imposto>
						<ICMS>
							<ICMSSN102>
								<Orig>0</Orig>
								<CSOSN>500</CSOSN>
							</ICMSSN102>
						</ICMS>
						<PIS>
							<PISAliq>
								<CST>01</CST>
								<vBC>0.00</vBC>
								<pPIS>0.0000</pPIS>
							</PISAliq>
						</PIS>
						<COFINS>
							<COFINSAliq>
								<CST>01</CST>
								<vBC>0.00</vBC>
								<pCOFINS>0.0000</pCOFINS>
							</COFINSAliq>
						</COFINS>
					</imposto>
				</det>
				<det nItem="40">
					<prod>
						<cProd>779</cProd>
						<xProd>SUCO DE LARANJA</xProd>
						<NCM>22021000</NCM>
						<CFOP>5102</CFOP>
						<uCom>UN</uCom>
						<qCom>1.0000</qCom>
						<vUnCom>8.50</vUnCom>
						<indRegra>T</indRegra>
					</prod>
					<imposto>
						<ICMS>
							<ICMSSN102>
								<Orig>0</Orig>
								<CSOSN>102</CSOSN>
							</ICMSSN102>
						</ICMS>
						<PIS>
							<PISAliq>
								<CST>01</CST>
								<vBC>0.00</vBC>
								<pPIS>0.0000</pPIS>
							</PISAliq>
						</PIS>
						<COFINS>
							<COFINSAliq>
								<CST>01</CST>
								<vBC>0.00</vBC>
								<pCOFINS>0.0000</pCOFINS>
							</COFINSAliq>
						</COFINS>
					</imposto>
				</det>
				<det nItem="41">
					<prod>
						<cProd>2010</cProd>
						<xProd>BUFFET DE SALADAS</xProd>
						<NCM>21069090</NCM>
						<CFOP>5102</CFOP>
						<uCom>UN</uCom>
						<qCom>1.0000</qCom>
						<vUnCom>48.90</vUnCom>
						<indRegra>T</indRegra>
					</prod>
					<imposto>
						<ICMS>
							<ICMSSN102>
								<Orig>0</Orig>
								<CSOSN>102</CSOSN>
							</ICMSSN102>
						</ICMS>
						<PIS>
							<PISAliq>
								<CST>01</CST>
								<vBC>0.00</vBC>
								<pPIS>0.0000</pPIS>
							</PISAliq>
						</PIS>
						<COFINS>
							<COFINSAliq>
								<CST>01</CST>
								<vBC>0.00</vBC>
								<pCOFINS>0.0000</pCOFINS>
							</COFINSAliq>
						</COFINS>
					</imposto>
				</det>
				<det nItem="42">
					<prod>
						<cProd>2010</cProd>
						<xProd>BUFFET DE SALADAS</xProd>
						<NCM>21069090</NCM>
						<CFOP>5102</CFOP>
						<uCom>UN</uCom>
						<qCom>1.0000</qCom>
						<vUnCom>48.90</vUnCom>
						<indRegra>T</indRegra>
					</prod>
					<imposto>
						<ICMS>
							<ICMSSN102>
								<Orig>0</Orig>
								<CSOSN>102</CSOSN>
							</ICMSSN102>
						</ICMS>
						<PIS>
							<PISAliq>
								<CST>01</CST>
								<vBC>0.00</vBC>
								<pPIS>0.0000</pPIS>
							</PISAliq>
						</PIS>
						<COFINS>
							<COFINSAliq>
								<CST>01</CST>
								<vBC>0.00</vBC>
								<pCOFINS>0.0000</pCOFINS>
							</COFINSAliq>
						</COFINS>
					</imposto>
				</det>
				<det nItem="43">
					<prod>
						<cProd>2010</cProd>
						<xProd>BUFFET DE SALADAS</xProd>
						<NCM>21069090</NCM>
						<CFOP>5102</CFOP>
						<uCom>UN</uCom>
						<qCom>1.0000</qCom>
						<vUnCom>48.90</vUnCom>
						<indRegra>T</indRegra>
					</prod>
					<imposto>
						<ICMS>
							<ICMSSN102>
								<Orig>0</Orig>
								<CSOSN>102</CSOSN>
							</ICMSSN102>
						</ICMS>
						<PIS>
							<PISAliq>
								<CST>01</CST>
								<vBC>0.00</vBC>
								<pPIS>0.0000</pPIS>
							</PISAliq>
						</PIS>
						<COFINS>
							<COFINSAliq>
								<CST>01</CST>
								<vBC>0.00</vBC>
								<pCOFINS>0.0000</pCOFINS>
							</COFINSAliq>
						</COFINS>
					</imposto>
				</det>
				<total>
					<DescAcrEntr>
						<vDescSubtot>1446.69</vDescSubtot>
					</DescAcrEntr>
				</total>
				<pgto>
					<MP>
						<cMP>03</cMP>
						<vMP>0.01</vMP>
					</MP>
				</pgto>
			</infCFe>
		</CFe>