﻿<CFe>
	<infCFe versaoDadosEnt="0.07">
		<ide>
			<CNPJ>16716114000172</CNPJ>
			<signAC>SGR-SAT SISTEMA DE GESTAO E RETAGUARDA DO SAT</signAC>
			<numeroCaixa>005</numeroCaixa>
		</ide>
		<emit>
			<CNPJ>82373077000171</CNPJ>
			<IE>111111111111</IE>
			<indRatISSQN>S</indRatISSQN>
		</emit>
		<dest>
			<CPF>57845797464</CPF>
			<xNome>Stan Lee</xNome>
		</dest>
			
		<det nItem="1">
			<prod>
				<cProd>0112</cProd>
				<cEAN>7896512920683</cEAN>
				<xProd>Calça Jeans</xProd>
				<NCM>73181600</NCM>
				<CFOP>5102</CFOP>
				<uCom>M</uCom>
				<qCom>1.0000</qCom>
				<vUnCom>10.00</vUnCom>
				<indRegra>T</indRegra>
				<vDesc>0.00</vDesc>
				<vOutro>0.00</vOutro>
				<obsFiscoDet xCampoDet="Cod. CEST">
					<xTextoDet>2105300</xTextoDet>
				</obsFiscoDet>
			</prod>
			<imposto>
				<vItem12741>3.59</vItem12741>
				<ICMS>
					<ICMS00>
						<Orig>0</Orig>
						<CST>00</CST>
						<pICMS>12.00</pICMS>
					</ICMS00>
				</ICMS>
				<PIS>
					<PISAliq>
						<CST>01</CST>
						<vBC>10.00</vBC>
						<pPIS>0.0065</pPIS>
					</PISAliq>
				</PIS>
				<COFINS>
					<COFINSAliq>
						<CST>01</CST>
						<vBC>10.00</vBC>
						<pCOFINS>0.0300</pCOFINS>
					</COFINSAliq>
				</COFINS>
			</imposto>
		</det>
		<total>
			<vCFeLei12741>3.59</vCFeLei12741>
		</total>
		<pgto>
			<MP><cMP>01</cMP>
				<vMP>10.00</vMP>
			</MP>
		</pgto>
		<infAdic>
			<infCpl>ATENDENTE: Disney  ; OPERADOR: BEMATECH-BSP </infCpl>
		</infAdic>
	</infCFe>
</CFe>