<?xml version="1.0" encoding="ISO8859-1"?>
<bematech>
	<readBemaFIFile Time="18-12-2019 03:52:06:036">
		<NivelLog Time="18-12-2019 03:52:06:070">1</NivelLog>
		<Path Time="18-12-2019 03:52:06:097">./</Path>
		<BemaFI_version Time="18-12-2019 03:52:06:124">7,0,545</BemaFI_version>
		<Porta Time="18-12-2019 03:52:06:171">/dev/ttyS49</Porta>
		<BaudRate Time="18-12-2019 03:52:06:204">9600</BaudRate>
		<Status Time="18-12-2019 03:52:06:238">0</Status>
		<Retorno Time="18-12-2019 03:52:06:273">0</Retorno>
		<StatusFuncao Time="18-12-2019 03:52:06:307">0</StatusFuncao>
		<ControlePorta Time="18-12-2019 03:52:06:325">1</ControlePorta>
		<TentativasAbrePorta Time="18-12-2019 03:52:06:475">5</TentativasAbrePorta>
		<TempoEntreTentativasAbrePorta Time="18-12-2019 03:52:06:676">500</TempoEntreTentativasAbrePorta>
		<ModoGaveta Time="18-12-2019 03:52:06:742">0</ModoGaveta>
		<CrLfVinculado Time="18-12-2019 03:52:06:762">1</CrLfVinculado>
		<CrLfGerencial Time="18-12-2019 03:52:06:772">1</CrLfGerencial>
		<TimeOutReducaoZ Time="18-12-2019 03:52:06:782">180</TimeOutReducaoZ>
		<TimeOutGerencialExtendido Time="18-12-2019 03:52:06:792">0</TimeOutGerencialExtendido>
		<ConfigRede Time="18-12-2019 03:52:06:802">0</ConfigRede>
		<Tentativas Time="18-12-2019 03:52:06:811">10</Tentativas>
		<WakMilisegundos Time="18-12-2019 03:52:06:820">40</WakMilisegundos>
		<TimeoutSegundos Time="18-12-2019 03:52:06:830">50</TimeoutSegundos>
		<VersaoAtoCotepe Time="18-12-2019 03:52:06:839">1</VersaoAtoCotepe>
		<TimeoutEscritaPorta Time="18-12-2019 03:52:06:849">100</TimeoutEscritaPorta>
		<TimeoutLeituraPorta Time="18-12-2019 03:52:06:859">10000</TimeoutLeituraPorta>
		<ProtocoloUnico Time="18-12-2019 03:52:06:868">1</ProtocoloUnico>
		<CAT52 Time="18-12-2019 03:52:06:878">0</CAT52>
		<CupomMania Time="18-12-2019 03:52:06:888">0</CupomMania>
		<MinasLegal Time="18-12-2019 03:52:06:897">0</MinasLegal>
		<NotaFiscalParanaense Time="18-12-2019 03:52:06:907">0</NotaFiscalParanaense>
		<NotaLegal Time="18-12-2019 03:52:06:917">0</NotaLegal>
		<ParaibaLegal Time="18-12-2019 03:52:06:928">0</ParaibaLegal>
		<CupomAdicional Time="18-12-2019 03:52:06:938">0</CupomAdicional>
		<Impressora Time="18-12-2019 03:52:06:947">1</Impressora>
		<EmulMFD Time="18-12-2019 03:52:06:956">0</EmulMFD>
		<Aliquota01 Time="18-12-2019 03:52:06:970"></Aliquota01>
		<Aliquota02 Time="18-12-2019 03:52:06:982"></Aliquota02>
		<Aliquota03 Time="18-12-2019 03:52:06:993"></Aliquota03>
		<Aliquota04 Time="18-12-2019 03:52:06:004"></Aliquota04>
		<Aliquota05 Time="18-12-2019 03:52:06:016"></Aliquota05>
		<Aliquota06 Time="18-12-2019 03:52:06:027"></Aliquota06>
		<Aliquota07 Time="18-12-2019 03:52:06:038"></Aliquota07>
		<Aliquota08 Time="18-12-2019 03:52:06:050"></Aliquota08>
		<Aliquota09 Time="18-12-2019 03:52:06:061"></Aliquota09>
		<Aliquota10 Time="18-12-2019 03:52:06:073"></Aliquota10>
		<Aliquota11 Time="18-12-2019 03:52:06:084"></Aliquota11>
		<Aliquota12 Time="18-12-2019 03:52:06:096"></Aliquota12>
		<Aliquota13 Time="18-12-2019 03:52:06:108"></Aliquota13>
		<Aliquota14 Time="18-12-2019 03:52:06:120"></Aliquota14>
		<Aliquota15 Time="18-12-2019 03:52:06:131"></Aliquota15>
		<Aliquota16 Time="18-12-2019 03:52:06:142"></Aliquota16>
		<COO Time="18-12-2019 03:52:06:151"></COO>
		<NumeroAplicativo Time="18-12-2019 03:52:06:160"></NumeroAplicativo>
		<CNPJ Time="18-12-2019 03:52:06:169"></CNPJ>
		<IE Time="18-12-2019 03:52:06:178"></IE>
		<IM Time="18-12-2019 03:52:06:187"></IM>
		<RazaoSocial Time="18-12-2019 03:52:06:196"></RazaoSocial>
		<NomeAplicativo Time="18-12-2019 03:52:06:206"></NomeAplicativo>
		<Versao Time="18-12-2019 03:52:06:215"></Versao>
		<Linha1 Time="18-12-2019 03:52:06:224"></Linha1>
		<Linha2 Time="18-12-2019 03:52:06:234"></Linha2>
		<IM_ECF Time="18-12-2019 03:52:06:243"></IM_ECF>
		<UF Time="18-12-2019 03:52:06:252"></UF>
		<Cidade Time="18-12-2019 03:52:06:261"></Cidade>
		<Favorecido Time="18-12-2019 03:52:06:271"></Favorecido>
		<Return Time="18-12-2019 03:52:06:298">1</Return>
	</readBemaFIFile>
	<Bematech_FI_ModeloImpressora CV="0909" Time="18-12-2019 03:52:06:673">
		<Return Time="18-12-2019 03:52:06:719">0</Return>
	</Bematech_FI_ModeloImpressora>
	<Bematech_FI_HabilitaDesabilitaRetornoEstendidoMFD Time="18-12-2019 03:52:06:917">
		<extendedFlag Time="18-12-2019 03:52:06:948">1</extendedFlag>
		<Return Time="18-12-2019 03:52:06:977">1</Return>
	</Bematech_FI_HabilitaDesabilitaRetornoEstendidoMFD>
	<Bematech_FI_RetornoImpressoraMFD Time="18-12-2019 03:52:06:041">
		<CAT Time="18-12-2019 03:52:06:071">0</CAT>
		<RET0 Time="18-12-2019 03:52:06:086">0</RET0>
		<RET1 Time="18-12-2019 03:52:06:094">0</RET1>
		<RET2 Time="18-12-2019 03:52:06:101">0</RET2>
		<RET3 Time="18-12-2019 03:52:06:107">0</RET3>
		<ACK Time="18-12-2019 03:52:06:114">0</ACK>
		<ST1 Time="18-12-2019 03:52:06:121">0</ST1>
		<ST2 Time="18-12-2019 03:52:06:128">0</ST2>
		<ST3 Time="18-12-2019 03:52:06:135">0</ST3>
		<Return Time="18-12-2019 03:52:06:142">1</Return>
	</Bematech_FI_RetornoImpressoraMFD>
	<Bematech_FI_LeituraX CV="0909" Time="18-12-2019 03:52:06:358">
		<Return Time="18-12-2019 03:52:06:396">0</Return>
	</Bematech_FI_LeituraX>
	<Bematech_FI_RetornoImpressoraMFD Time="18-12-2019 03:52:06:419">
		<CAT Time="18-12-2019 03:52:06:428">0</CAT>
		<RET0 Time="18-12-2019 03:52:06:435">0</RET0>
		<RET1 Time="18-12-2019 03:52:06:442">0</RET1>
		<RET2 Time="18-12-2019 03:52:06:448">0</RET2>
		<RET3 Time="18-12-2019 03:52:06:455">0</RET3>
		<ACK Time="18-12-2019 03:52:06:462">0</ACK>
		<ST1 Time="18-12-2019 03:52:06:469">0</ST1>
		<ST2 Time="18-12-2019 03:52:06:475">0</ST2>
		<ST3 Time="18-12-2019 03:52:06:482">0</ST3>
		<Return Time="18-12-2019 03:52:06:489">1</Return>
	</Bematech_FI_RetornoImpressoraMFD>
	<readBemaFIFile Time="18-12-2019 03:56:06:009">
		<NivelLog Time="18-12-2019 03:56:06:040">1</NivelLog>
		<Path Time="18-12-2019 03:56:06:068">./</Path>
		<BemaFI_version Time="18-12-2019 03:56:06:096">7,0,545</BemaFI_version>
		<Porta Time="18-12-2019 03:56:06:130">/dev/ttyS49</Porta>
		<BaudRate Time="18-12-2019 03:56:06:166">9600</BaudRate>
		<Status Time="18-12-2019 03:56:06:203">0</Status>
		<Retorno Time="18-12-2019 03:56:06:238">0</Retorno>
		<StatusFuncao Time="18-12-2019 03:56:06:274">0</StatusFuncao>
		<ControlePorta Time="18-12-2019 03:56:06:309">1</ControlePorta>
		<TentativasAbrePorta Time="18-12-2019 03:56:06:330">5</TentativasAbrePorta>
		<TempoEntreTentativasAbrePorta Time="18-12-2019 03:56:06:342">500</TempoEntreTentativasAbrePorta>
		<ModoGaveta Time="18-12-2019 03:56:06:353">0</ModoGaveta>
		<CrLfVinculado Time="18-12-2019 03:56:06:363">1</CrLfVinculado>
		<CrLfGerencial Time="18-12-2019 03:56:06:373">1</CrLfGerencial>
		<TimeOutReducaoZ Time="18-12-2019 03:56:06:383">180</TimeOutReducaoZ>
		<TimeOutGerencialExtendido Time="18-12-2019 03:56:06:394">0</TimeOutGerencialExtendido>
		<ConfigRede Time="18-12-2019 03:56:06:404">0</ConfigRede>
		<Tentativas Time="18-12-2019 03:56:06:414">10</Tentativas>
		<WakMilisegundos Time="18-12-2019 03:56:06:424">40</WakMilisegundos>
		<TimeoutSegundos Time="18-12-2019 03:56:06:434">50</TimeoutSegundos>
		<VersaoAtoCotepe Time="18-12-2019 03:56:06:444">1</VersaoAtoCotepe>
		<TimeoutEscritaPorta Time="18-12-2019 03:56:06:455">100</TimeoutEscritaPorta>
		<TimeoutLeituraPorta Time="18-12-2019 03:56:06:465">10000</TimeoutLeituraPorta>
		<ProtocoloUnico Time="18-12-2019 03:56:06:477">1</ProtocoloUnico>
		<CAT52 Time="18-12-2019 03:56:06:487">0</CAT52>
		<CupomMania Time="18-12-2019 03:56:06:497">0</CupomMania>
		<MinasLegal Time="18-12-2019 03:56:06:507">0</MinasLegal>
		<NotaFiscalParanaense Time="18-12-2019 03:56:06:518">0</NotaFiscalParanaense>
		<NotaLegal Time="18-12-2019 03:56:06:528">0</NotaLegal>
		<ParaibaLegal Time="18-12-2019 03:56:06:538">0</ParaibaLegal>
		<CupomAdicional Time="18-12-2019 03:56:06:549">0</CupomAdicional>
		<Impressora Time="18-12-2019 03:56:06:559">1</Impressora>
		<EmulMFD Time="18-12-2019 03:56:06:569">0</EmulMFD>
		<Aliquota01 Time="18-12-2019 03:56:06:583"></Aliquota01>
		<Aliquota02 Time="18-12-2019 03:56:06:596"></Aliquota02>
		<Aliquota03 Time="18-12-2019 03:56:06:608"></Aliquota03>
		<Aliquota04 Time="18-12-2019 03:56:06:620"></Aliquota04>
		<Aliquota05 Time="18-12-2019 03:56:06:638"></Aliquota05>
		<Aliquota06 Time="18-12-2019 03:56:06:650"></Aliquota06>
		<Aliquota07 Time="18-12-2019 03:56:06:661"></Aliquota07>
		<Aliquota08 Time="18-12-2019 03:56:06:673"></Aliquota08>
		<Aliquota09 Time="18-12-2019 03:56:06:685"></Aliquota09>
		<Aliquota10 Time="18-12-2019 03:56:06:697"></Aliquota10>
		<Aliquota11 Time="18-12-2019 03:56:06:708"></Aliquota11>
		<Aliquota12 Time="18-12-2019 03:56:06:720"></Aliquota12>
		<Aliquota13 Time="18-12-2019 03:56:06:732"></Aliquota13>
		<Aliquota14 Time="18-12-2019 03:56:06:744"></Aliquota14>
		<Aliquota15 Time="18-12-2019 03:56:06:755"></Aliquota15>
		<Aliquota16 Time="18-12-2019 03:56:06:767"></Aliquota16>
		<COO Time="18-12-2019 03:56:06:776"></COO>
		<NumeroAplicativo Time="18-12-2019 03:56:06:787"></NumeroAplicativo>
		<CNPJ Time="18-12-2019 03:56:06:797"></CNPJ>
		<IE Time="18-12-2019 03:56:06:806"></IE>
		<IM Time="18-12-2019 03:56:06:815"></IM>
		<RazaoSocial Time="18-12-2019 03:56:06:825"></RazaoSocial>
		<NomeAplicativo Time="18-12-2019 03:56:06:835"></NomeAplicativo>
		<Versao Time="18-12-2019 03:56:06:844"></Versao>
		<Linha1 Time="18-12-2019 03:56:06:854"></Linha1>
		<Linha2 Time="18-12-2019 03:56:06:863"></Linha2>
		<IM_ECF Time="18-12-2019 03:56:06:873"></IM_ECF>
		<UF Time="18-12-2019 03:56:06:882"></UF>
		<Cidade Time="18-12-2019 03:56:06:892"></Cidade>
		<Favorecido Time="18-12-2019 03:56:06:901"></Favorecido>
		<Return Time="18-12-2019 03:56:06:913">1</Return>
	</readBemaFIFile>
	<Bematech_FI_ModeloImpressora CV="0909" Time="18-12-2019 03:56:06:154">
		<Return Time="18-12-2019 03:56:06:174">0</Return>
	</Bematech_FI_ModeloImpressora>
	<Bematech_FI_HabilitaDesabilitaRetornoEstendidoMFD Time="18-12-2019 03:56:06:187">
		<extendedFlag Time="18-12-2019 03:56:06:199">1</extendedFlag>
		<Return Time="18-12-2019 03:56:06:206">1</Return>
	</Bematech_FI_HabilitaDesabilitaRetornoEstendidoMFD>
	<Bematech_FI_RetornoImpressoraMFD Time="18-12-2019 03:56:06:239">
		<CAT Time="18-12-2019 03:56:06:249">0</CAT>
		<RET0 Time="18-12-2019 03:56:06:256">0</RET0>
		<RET1 Time="18-12-2019 03:56:06:263">0</RET1>
		<RET2 Time="18-12-2019 03:56:06:270">0</RET2>
		<RET3 Time="18-12-2019 03:56:06:277">0</RET3>
		<ACK Time="18-12-2019 03:56:06:284">0</ACK>
		<ST1 Time="18-12-2019 03:56:06:291">0</ST1>
		<ST2 Time="18-12-2019 03:56:06:298">0</ST2>
		<ST3 Time="18-12-2019 03:56:06:305">0</ST3>
		<Return Time="18-12-2019 03:56:06:312">1</Return>
	</Bematech_FI_RetornoImpressoraMFD>
	<Bematech_FI_LeituraX CV="0909" Time="18-12-2019 03:56:06:381">
		<Return Time="18-12-2019 03:56:06:416">0</Return>
	</Bematech_FI_LeituraX>
	<Bematech_FI_RetornoImpressoraMFD Time="18-12-2019 03:56:06:453">
		<CAT Time="18-12-2019 03:56:06:470">0</CAT>
		<RET0 Time="18-12-2019 03:56:06:478">0</RET0>
		<RET1 Time="18-12-2019 03:56:06:485">0</RET1>
		<RET2 Time="18-12-2019 03:56:06:492">0</RET2>
		<RET3 Time="18-12-2019 03:56:06:499">0</RET3>
		<ACK Time="18-12-2019 03:56:06:506">0</ACK>
		<ST1 Time="18-12-2019 03:56:06:513">0</ST1>
		<ST2 Time="18-12-2019 03:56:06:520">0</ST2>
		<ST3 Time="18-12-2019 03:56:06:527">0</ST3>
		<Return Time="18-12-2019 03:56:06:534">1</Return>
	</Bematech_FI_RetornoImpressoraMFD>
	<readBemaFIFile Time="18-12-2019 04:13:11:008">
		<NivelLog Time="18-12-2019 04:13:11:033">1</NivelLog>
		<Path Time="18-12-2019 04:13:11:051">./</Path>
		<BemaFI_version Time="18-12-2019 04:13:11:067">7,0,545</BemaFI_version>
		<Porta Time="18-12-2019 04:13:11:089">/dev/ttyS49</Porta>
		<BaudRate Time="18-12-2019 04:13:11:110">9600</BaudRate>
		<Status Time="18-12-2019 04:13:11:133">0</Status>
		<Retorno Time="18-12-2019 04:13:11:154">0</Retorno>
		<StatusFuncao Time="18-12-2019 04:13:11:175">0</StatusFuncao>
		<ControlePorta Time="18-12-2019 04:13:11:196">1</ControlePorta>
		<TentativasAbrePorta Time="18-12-2019 04:13:11:219">5</TentativasAbrePorta>
		<TempoEntreTentativasAbrePorta Time="18-12-2019 04:13:11:247">500</TempoEntreTentativasAbrePorta>
		<ModoGaveta Time="18-12-2019 04:13:11:269">0</ModoGaveta>
		<CrLfVinculado Time="18-12-2019 04:13:11:301">1</CrLfVinculado>
		<CrLfGerencial Time="18-12-2019 04:13:11:330">1</CrLfGerencial>
		<TimeOutReducaoZ Time="18-12-2019 04:13:11:351">180</TimeOutReducaoZ>
		<TimeOutGerencialExtendido Time="18-12-2019 04:13:11:372">0</TimeOutGerencialExtendido>
		<ConfigRede Time="18-12-2019 04:13:11:393">0</ConfigRede>
		<Tentativas Time="18-12-2019 04:13:11:413">10</Tentativas>
		<WakMilisegundos Time="18-12-2019 04:13:11:434">40</WakMilisegundos>
		<TimeoutSegundos Time="18-12-2019 04:13:11:455">50</TimeoutSegundos>
		<VersaoAtoCotepe Time="18-12-2019 04:13:11:475">1</VersaoAtoCotepe>
		<TimeoutEscritaPorta Time="18-12-2019 04:13:11:497">100</TimeoutEscritaPorta>
		<TimeoutLeituraPorta Time="18-12-2019 04:13:11:518">10000</TimeoutLeituraPorta>
		<ProtocoloUnico Time="18-12-2019 04:13:11:538">1</ProtocoloUnico>
		<CAT52 Time="18-12-2019 04:13:11:559">0</CAT52>
		<CupomMania Time="18-12-2019 04:13:11:579">0</CupomMania>
		<MinasLegal Time="18-12-2019 04:13:11:600">0</MinasLegal>
		<NotaFiscalParanaense Time="18-12-2019 04:13:11:746">0</NotaFiscalParanaense>
		<NotaLegal Time="18-12-2019 04:13:11:776">0</NotaLegal>
		<ParaibaLegal Time="18-12-2019 04:13:11:798">0</ParaibaLegal>
		<CupomAdicional Time="18-12-2019 04:13:11:820">0</CupomAdicional>
		<Impressora Time="18-12-2019 04:13:11:842">1</Impressora>
		<EmulMFD Time="18-12-2019 04:13:11:862">0</EmulMFD>
		<Aliquota01 Time="18-12-2019 04:13:11:888"></Aliquota01>
		<Aliquota02 Time="18-12-2019 04:13:11:912"></Aliquota02>
		<Aliquota03 Time="18-12-2019 04:13:11:934"></Aliquota03>
		<Aliquota04 Time="18-12-2019 04:13:11:957"></Aliquota04>
		<Aliquota05 Time="18-12-2019 04:13:11:980"></Aliquota05>
		<Aliquota06 Time="18-12-2019 04:13:11:003"></Aliquota06>
		<Aliquota07 Time="18-12-2019 04:13:11:025"></Aliquota07>
		<Aliquota08 Time="18-12-2019 04:13:11:048"></Aliquota08>
		<Aliquota09 Time="18-12-2019 04:13:11:075"></Aliquota09>
		<Aliquota10 Time="18-12-2019 04:13:11:099"></Aliquota10>
		<Aliquota11 Time="18-12-2019 04:13:11:121"></Aliquota11>
		<Aliquota12 Time="18-12-2019 04:13:11:144"></Aliquota12>
		<Aliquota13 Time="18-12-2019 04:13:11:166"></Aliquota13>
		<Aliquota14 Time="18-12-2019 04:13:11:189"></Aliquota14>
		<Aliquota15 Time="18-12-2019 04:13:11:211"></Aliquota15>
		<Aliquota16 Time="18-12-2019 04:13:11:233"></Aliquota16>
		<COO Time="18-12-2019 04:13:11:253"></COO>
		<NumeroAplicativo Time="18-12-2019 04:13:11:274"></NumeroAplicativo>
		<CNPJ Time="18-12-2019 04:13:11:294"></CNPJ>
		<IE Time="18-12-2019 04:13:11:315"></IE>
		<IM Time="18-12-2019 04:13:11:335"></IM>
		<RazaoSocial Time="18-12-2019 04:13:11:355"></RazaoSocial>
		<NomeAplicativo Time="18-12-2019 04:13:11:376"></NomeAplicativo>
		<Versao Time="18-12-2019 04:13:11:396"></Versao>
		<Linha1 Time="18-12-2019 04:13:11:416"></Linha1>
		<Linha2 Time="18-12-2019 04:13:11:437"></Linha2>
		<IM_ECF Time="18-12-2019 04:13:11:494"></IM_ECF>
		<UF Time="18-12-2019 04:13:11:517"></UF>
		<Cidade Time="18-12-2019 04:13:11:537"></Cidade>
		<Favorecido Time="18-12-2019 04:13:11:558"></Favorecido>
		<Return Time="18-12-2019 04:13:11:575">1</Return>
	</readBemaFIFile>
	<Bematech_FI_ModeloImpressora CV="0909" Time="18-12-2019 04:13:11:815">
		<Return Time="18-12-2019 04:13:11:854">0</Return>
	</Bematech_FI_ModeloImpressora>
	<Bematech_FI_HabilitaDesabilitaRetornoEstendidoMFD Time="18-12-2019 04:13:11:885">
		<extendedFlag Time="18-12-2019 04:13:11:903">1</extendedFlag>
		<Return Time="18-12-2019 04:13:11:921">1</Return>
	</Bematech_FI_HabilitaDesabilitaRetornoEstendidoMFD>
	<Bematech_FI_RetornoImpressoraMFD Time="18-12-2019 04:13:11:970">
		<CAT Time="18-12-2019 04:13:11:989">0</CAT>
		<RET0 Time="18-12-2019 04:13:11:006">0</RET0>
		<RET1 Time="18-12-2019 04:13:11:022">0</RET1>
		<RET2 Time="18-12-2019 04:13:11:038">0</RET2>
		<RET3 Time="18-12-2019 04:13:11:054">0</RET3>
		<ACK Time="18-12-2019 04:13:11:075">0</ACK>
		<ST1 Time="18-12-2019 04:13:11:095">0</ST1>
		<ST2 Time="18-12-2019 04:13:11:111">0</ST2>
		<ST3 Time="18-12-2019 04:13:11:127">0</ST3>
		<Return Time="18-12-2019 04:13:11:143">1</Return>
	</Bematech_FI_RetornoImpressoraMFD>
	<Bematech_FI_LeituraX CV="0909" Time="18-12-2019 04:13:11:257">
		<Return Time="18-12-2019 04:13:11:282">0</Return>
	</Bematech_FI_LeituraX>
	<Bematech_FI_RetornoImpressoraMFD Time="18-12-2019 04:13:11:308">
		<CAT Time="18-12-2019 04:13:11:325">0</CAT>
		<RET0 Time="18-12-2019 04:13:11:342">0</RET0>
		<RET1 Time="18-12-2019 04:13:11:358">0</RET1>
		<RET2 Time="18-12-2019 04:13:11:373">0</RET2>
		<RET3 Time="18-12-2019 04:13:11:389">0</RET3>
		<ACK Time="18-12-2019 04:13:11:405">0</ACK>
		<ST1 Time="18-12-2019 04:13:11:421">0</ST1>
		<ST2 Time="18-12-2019 04:13:11:436">0</ST2>
		<ST3 Time="18-12-2019 04:13:11:467">0</ST3>
		<Return Time="18-12-2019 04:13:11:485">1</Return>
	</Bematech_FI_RetornoImpressoraMFD>
	<readBemaFIFile Time="18-12-2019 04:16:50:012">
		<NivelLog Time="18-12-2019 04:16:50:053">1</NivelLog>
		<Path Time="18-12-2019 04:16:50:072">./</Path>
		<BemaFI_version Time="18-12-2019 04:16:50:089">7,0,545</BemaFI_version>
		<Porta Time="18-12-2019 04:16:50:112">/dev/ttyS49</Porta>
		<BaudRate Time="18-12-2019 04:16:50:134">9600</BaudRate>
		<Status Time="18-12-2019 04:16:50:157">0</Status>
		<Retorno Time="18-12-2019 04:16:50:179">0</Retorno>
		<StatusFuncao Time="18-12-2019 04:16:50:200">0</StatusFuncao>
		<ControlePorta Time="18-12-2019 04:16:50:229">1</ControlePorta>
		<TentativasAbrePorta Time="18-12-2019 04:16:50:254">5</TentativasAbrePorta>
		<TempoEntreTentativasAbrePorta Time="18-12-2019 04:16:50:277">500</TempoEntreTentativasAbrePorta>
		<ModoGaveta Time="18-12-2019 04:16:50:299">0</ModoGaveta>
		<CrLfVinculado Time="18-12-2019 04:16:50:321">1</CrLfVinculado>
		<CrLfGerencial Time="18-12-2019 04:16:50:342">1</CrLfGerencial>
		<TimeOutReducaoZ Time="18-12-2019 04:16:50:364">180</TimeOutReducaoZ>
		<TimeOutGerencialExtendido Time="18-12-2019 04:16:50:386">0</TimeOutGerencialExtendido>
		<ConfigRede Time="18-12-2019 04:16:50:407">0</ConfigRede>
		<Tentativas Time="18-12-2019 04:16:50:428">10</Tentativas>
		<WakMilisegundos Time="18-12-2019 04:16:50:450">40</WakMilisegundos>
		<TimeoutSegundos Time="18-12-2019 04:16:50:471">50</TimeoutSegundos>
		<VersaoAtoCotepe Time="18-12-2019 04:16:50:492">1</VersaoAtoCotepe>
		<TimeoutEscritaPorta Time="18-12-2019 04:16:50:514">100</TimeoutEscritaPorta>
		<TimeoutLeituraPorta Time="18-12-2019 04:16:50:536">10000</TimeoutLeituraPorta>
		<ProtocoloUnico Time="18-12-2019 04:16:50:558">1</ProtocoloUnico>
		<CAT52 Time="18-12-2019 04:16:50:584">0</CAT52>
		<CupomMania Time="18-12-2019 04:16:50:607">0</CupomMania>
		<MinasLegal Time="18-12-2019 04:16:50:629">0</MinasLegal>
		<NotaFiscalParanaense Time="18-12-2019 04:16:50:650">0</NotaFiscalParanaense>
		<NotaLegal Time="18-12-2019 04:16:50:671">0</NotaLegal>
		<ParaibaLegal Time="18-12-2019 04:16:50:693">0</ParaibaLegal>
		<CupomAdicional Time="18-12-2019 04:16:50:714">0</CupomAdicional>
		<Impressora Time="18-12-2019 04:16:50:736">1</Impressora>
		<EmulMFD Time="18-12-2019 04:16:50:757">0</EmulMFD>
		<Aliquota01 Time="18-12-2019 04:16:50:795"></Aliquota01>
		<Aliquota02 Time="18-12-2019 04:16:50:837"></Aliquota02>
		<Aliquota03 Time="18-12-2019 04:16:50:863"></Aliquota03>
		<Aliquota04 Time="18-12-2019 04:16:50:886"></Aliquota04>
		<Aliquota05 Time="18-12-2019 04:16:50:921"></Aliquota05>
		<Aliquota06 Time="18-12-2019 04:16:50:950"></Aliquota06>
		<Aliquota07 Time="18-12-2019 04:16:50:991"></Aliquota07>
		<Aliquota08 Time="18-12-2019 04:16:50:016"></Aliquota08>
		<Aliquota09 Time="18-12-2019 04:16:50:043"></Aliquota09>
		<Aliquota10 Time="18-12-2019 04:16:50:069"></Aliquota10>
		<Aliquota11 Time="18-12-2019 04:16:50:096"></Aliquota11>
		<Aliquota12 Time="18-12-2019 04:16:50:122"></Aliquota12>
		<Aliquota13 Time="18-12-2019 04:16:50:147"></Aliquota13>
		<Aliquota14 Time="18-12-2019 04:16:50:171"></Aliquota14>
		<Aliquota15 Time="18-12-2019 04:16:50:194"></Aliquota15>
		<Aliquota16 Time="18-12-2019 04:16:50:222"></Aliquota16>
		<COO Time="18-12-2019 04:16:50:246"></COO>
		<NumeroAplicativo Time="18-12-2019 04:16:50:268"></NumeroAplicativo>
		<CNPJ Time="18-12-2019 04:16:50:289"></CNPJ>
		<IE Time="18-12-2019 04:16:50:311"></IE>
		<IM Time="18-12-2019 04:16:50:392"></IM>
		<RazaoSocial Time="18-12-2019 04:16:50:414"></RazaoSocial>
		<NomeAplicativo Time="18-12-2019 04:16:50:435"></NomeAplicativo>
		<Versao Time="18-12-2019 04:16:50:456"></Versao>
		<Linha1 Time="18-12-2019 04:16:50:478"></Linha1>
		<Linha2 Time="18-12-2019 04:16:50:499"></Linha2>
		<IM_ECF Time="18-12-2019 04:16:50:520"></IM_ECF>
		<UF Time="18-12-2019 04:16:50:541"></UF>
		<Cidade Time="18-12-2019 04:16:50:562"></Cidade>
		<Favorecido Time="18-12-2019 04:16:50:583"></Favorecido>
		<Return Time="18-12-2019 04:16:50:601">1</Return>
	</readBemaFIFile>
	<Bematech_FI_ModeloImpressora CV="0909" Time="18-12-2019 04:16:51:384">
		<ModeloImpressora Time="18-12-2019 04:16:51:415">MP4200FIII</ModeloImpressora>
		<Return Time="18-12-2019 04:16:51:463">1</Return>
	</Bematech_FI_ModeloImpressora>
	<Bematech_FI_VersaoFirmwareCV0909 CV="0909" Time="18-12-2019 04:16:51:489">
		<Versao Time="18-12-2019 04:16:51:657">010002</Versao>
		<Return Time="18-12-2019 04:16:51:699">1</Return>
	</Bematech_FI_VersaoFirmwareCV0909>
	<Bematech_FI_NumeroSerieCV0909 CV="0909" Time="18-12-2019 04:16:51:726">
		<SerialNumber Time="18-12-2019 04:16:52:972">BE111710101110023589</SerialNumber>
		<Return Time="18-12-2019 04:16:52:016">1</Return>
	</Bematech_FI_NumeroSerieCV0909>
	<Bematech_FI_RetornoAliquotasCV0909 CV="0909" Time="18-12-2019 04:16:52:043">
		<Aliquotas Time="18-12-2019 04:16:52:106">1000,1800,1700,0000,0000,0000,0000,0000,0000,0000,0000,0000,0000,0000,0000,0000,0000,0000,0000,0000,0000,0000,0000,0000,0000,0000,0000,0000,0000,0000,3000,1000,0000,0000,0000,0000,0000,0000,0000,0000,0000,0000,0000,0000,0000,0000,0000,0000,0000,0000,0000,0000,0000,0000,0000,0000,0000,0000,0000,0000</Aliquotas>
		<Return Time="18-12-2019 04:16:52:150">1</Return>
	</Bematech_FI_RetornoAliquotasCV0909>
	<Bematech_FI_TabelaFormasPagamento CV="0909" Time="18-12-2019 04:16:52:189">
		<getLocaleCharset Time="18-12-2019 04:16:52:230">
			<Return Time="18-12-2019 04:16:52:273">1</Return>
		</getLocaleCharset>
		<TabelaFormasPagamento Time="18-12-2019 04:16:52:746">Dinheiro,0,CARTÃO CRÉDITO,1,CARTAO,1</TabelaFormasPagamento>
		<Return Time="18-12-2019 04:16:52:786">1</Return>
	</Bematech_FI_TabelaFormasPagamento>
	<Bematech_FI_HabilitaDesabilitaRetornoEstendidoMFD Time="18-12-2019 04:16:52:814">
		<extendedFlag Time="18-12-2019 04:16:52:832">1</extendedFlag>
		<Return Time="18-12-2019 04:16:52:852">1</Return>
	</Bematech_FI_HabilitaDesabilitaRetornoEstendidoMFD>
	<Bematech_FI_RetornoImpressoraMFD Time="18-12-2019 04:16:52:961">
		<CAT Time="18-12-2019 04:16:52:984">0</CAT>
		<RET0 Time="18-12-2019 04:16:52:001">1</RET0>
		<RET1 Time="18-12-2019 04:16:52:018">0</RET1>
		<RET2 Time="18-12-2019 04:16:52:035">0</RET2>
		<RET3 Time="18-12-2019 04:16:52:052">0</RET3>
		<ACK Time="18-12-2019 04:16:52:068">6</ACK>
		<ST1 Time="18-12-2019 04:16:52:084">0</ST1>
		<ST2 Time="18-12-2019 04:16:52:116">0</ST2>
		<ST3 Time="18-12-2019 04:16:52:135">0</ST3>
		<Return Time="18-12-2019 04:16:52:152">1</Return>
	</Bematech_FI_RetornoImpressoraMFD>
	<Bematech_FI_LeituraX CV="0909" Time="18-12-2019 04:16:52:222">
		<Return Time="18-12-2019 04:16:57:515">1</Return>
	</Bematech_FI_LeituraX>
	<Bematech_FI_RetornoImpressoraMFD Time="18-12-2019 04:16:57:583">
		<CAT Time="18-12-2019 04:16:57:594">0</CAT>
		<RET0 Time="18-12-2019 04:16:57:601">1</RET0>
		<RET1 Time="18-12-2019 04:16:57:608">0</RET1>
		<RET2 Time="18-12-2019 04:16:57:616">0</RET2>
		<RET3 Time="18-12-2019 04:16:57:623">0</RET3>
		<ACK Time="18-12-2019 04:16:57:631">6</ACK>
		<ST1 Time="18-12-2019 04:16:57:638">0</ST1>
		<ST2 Time="18-12-2019 04:16:57:646">0</ST2>
		<ST3 Time="18-12-2019 04:16:57:654">0</ST3>
		<Return Time="18-12-2019 04:16:57:661">1</Return>
	</Bematech_FI_RetornoImpressoraMFD>
</bematech>
